0,1,2,3,4,5,6,7,8,9,10,11,12,13,14,15,16,17,18,19,20,21,22,23,24,25,26,27,28,29,30,31,32,33,34,35,36,37,38,39,40,41,42,43,44,45,46,47,48,49,50,51,52
file,dog,food,patient,nuclear,space,president,jake,marriage,buffalo,sport,team,homosexual,montana,conference,request,quadra,speedy,german,polygon,oil,car,bike,mouse,drug,brewer,encryption,copy,science,libertarian,nelson,cheap,window,sale,sale,gun,morality,chopin,innocent,cruel,blast,window,apple,video,war,mormon,genocide,civilian,hell,easter,god,atheist,belief
drive,chase,eat,disease,cool,launch,job,bony,marry,ra,game,game,gay,colorado,presentation,send,garth,mercer,turkey,slow,drain,ford,motorcycle,driver,marijuana,tangent,key,crack,methodology,government,white,printer,problem,price,brand,firearm,objective,compound,punishment,racism,kill,font,mac,pro,island,temple,turk,war,eternal,liturgy,church,atheism,truth
state,bike,diet,doctor,tower,orbit,secretary,slave,married,ye,radio,player,homosexuality,repeater,symposium,monthly,garnet,dod,document,fast,bolt,engine,ride,port,cocaine,stratus,clipper,wire,scientific,regulation,mow,ink,error,excellent,toner,weapon,moral,camera,murder,morality,death,graphic,drive,card,south,sacred,soviet,kill,satan,catholic,prophecy,religion,god
computer,driveway,seizure,medical,plant,moon,package,true,ceremony,god,fan,hockey,sexual,sam,navy,auto,terminator,liquor,rescue,routine,wrench,drive,helmet,keyboard,legalization,al,chip,protection,fulk,libertarianism,senator,price,display,offer,new,handgun,value,inside,death,schneider,suicide,file,monitor,banshee,secret,ceremony,sera,innocent,god,maria,father,god,arrogance
want,ride,sensitivity,pain,water,satellite,administration,opinion,divorce,paradise,station,play,sex,spot,het,recipient,cartridge,intoxicate,book,cam,torque,speed,honda,window,alcohol,eyelid,escrow,reed,lady,employment,stimulus,low,file,original,printer,militia,frank,today,kill,moral,risk,version,upgrade,tiang,nuclear,ritual,massacre,bomb,heaven,mary,faith,motto,evidence
right,springer,taste,cancer,steam,henry,russia,russia,wife,father,street,win,man,vineland,registration,week,auspex,bike,language,ast,leak,road,rider,serial,legalize,court,algorithm,turbo,hypothesis,grinch,count,laser,allocation,condition,card,knife,absolute,child,penalty,allan,gun,tar,ide,blaster,military,church,extermination,jury,die,church,lord,belief,authority
window,questor,superstition,treatment,uranium,lunar,senior,bush,husband,salvation,broadcast,season,male,stratus,seminar,tiff,dealer,delete,war,animation,change,sho,dod,interrupt,wod,garnet,enforcement,patent,homeopathy,limit,house,quality,drive,bookshelf,gene,arm,truth,affair,person,holocaust,assault,available,disk,driver,naval,sword,village,guilty,evil,mass,sin,believe,faith
thing,dod,corn,infection,reactor,mission,senator,slavery,couple,child,york,league,promiscuous,pin,van,motif,internal,impair,diplomat,minster,hole,model,advice,motion,grader,plug,phone,copyright,rational,socialism,campaign,circuit,disk,sell,sequent,carry,commandment,bleed,fair,political,compound,motif,chip,thank,turkey,rite,mountain,death,death,resurrection,heaven,bake,sense
problem,attack,restaurant,health,fossil,shuttle,summer,prison,eye,thou,listen,canada,heterosexual,cub,submission,list,termination,dog,eastern,pop,car,wagon,turn,smoothly,hypocrisy,gateway,government,connector,theory,fail,election,buy,run,manual,uniform,crime,compromise,news,execute,ignorant,neutral,thank,se,orchid,ship,doctrine,page,soldier,atheist,immaculate,spirit,faith,believe
host,boom,dyer,yeast,temperature,earth,press,aid,commitment,mormon,morning,score,orientation,activate,prof,discussion,anybody,technician,dodd,server,temperature,buy,tire,jump,war,possess,secret,wrapping,fantasy,welfare,initiative,cost,memory,item,disk,amendment,subjective,murder,objective,racist,crime,source,adapter,hut,argentine,secret,escape,die,angel,pagan,son,strong,conclusion
