0,1,2,3,4,5,6,7,8,9,10,11,12,13,14,15,16,17,18,19,20,21,22,23,24,25,26,27,28,29,30,31,32,33,34,35,36,37,38,39,40,41,42,43,44,45,46,47,48,49,50,51,52,53,54,55,56,57,58,59,60,61,62,63,64,65,66,67,68,69,70,71,72,73,74,75,76,77,78,79,80,81,82,83,84,85,86,87,88,89,90,91,92,93,94,95,96,97,98,99,100,101,102,103,104,105,106,107,108,109,110,111,112,113,114
gun,encryption,tap,bit,secrecy,trial,apple,agency,steal,anonymous,serial,password,super,encrypt,abide,slight,clipper,record,complain,secrecy,firm,brad,la,crack,skipjack,eavesdrop,temp,administration,random,hide,ticket,phone,vector,inquiry,police,den,algorithm,cellular,pretty,witness,server,pro,urine,noisy,phone,nuclear,gesture,branch,revolution,tape,scope,choose,colorado,bullock,homosexual,marc,car,mormon,jeopardy,technology,technology,routinely,crack,forge,encryption,billion,abortion,reverse,auditor,alternative,patient,assure,voluntary,cryptography,twain,storage,space,cheap,battery,disable,disk,send,insurance,video,photography,wire,assurance,crypt,president,bit,price,circuit,meteorologist,port,enlight,narrative,happy,fee,welfare,prison,balcony,export,drug,gas,bony,doc,peace,pollux,prof,hate,gun,militia,camera,religious,genocide
state,entitle,betel,sequence,agora,thousand,trust,safeguard,brad,anonymity,block,oracle,wrapper,chip,spy,president,chip,bing,communist,vet,algorithm,nea,remote,frontal,machine,breakable,runner,freedom,mel,file,temp,obtain,block,administration,wise,serial,approval,listen,tap,trial,tony,alfalfa,ham,electrically,clipper,cool,peace,judicial,cockeye,chip,menu,flax,drug,san,gay,list,beam,rub,judge,protect,protect,monitor,screw,scientific,proprietary,foist,pay,engineer,compel,design,disease,clipper,secure,sieve,graduate,atom,launch,phone,concrete,install,bit,canada,canada,canada,picture,wiring,expert,cryptology,job,digest,game,signal,socialist,converter,recommend,hooper,rich,user,interim,fish,soldier,marijuana,cocaine,building,jake,han,temporary,bad,personal,culture,handgun,arm,raid,compound,turk
come,effective,traffic,chunk,rain,microsecond,credibility,escrow,phone,privacy,enforcement,algorithm,filler,session,overstatement,trust,semiconductor,cellular,shoot,externally,chance,algorithm,differential,attack,bit,telephony,archive,cryptography,timothy,communication,rob,buy,cash,adopt,cellular,bit,export,phone,overwhelming,judge,mantis,residence,tap,directional,radar,tower,annex,executive,action,algorithm,knob,holder,spot,spy,sexual,clipper,speedometer,cult,copyright,encryption,encryption,office,allusion,tool,secure,manufacturer,coverage,carr,pen,discredit,medical,sector,unexceptionable,public,mathematic,dexter,orbit,market,discharge,floppy,agent,cadre,health,query,leaf,outlet,confidence,cryptography,dee,mode,buy,voltage,atmospheric,spec,appreciate,thank,swiss,service,racial,technology,apartment,sell,illegal,tank,jimmy,armed,territory,administration,den,racist,death,bear,warrant,burn,soviet
right,threaten,prefix,actual,den,engine,secret,expedient,cipher,user,bit,secret,loral,choose,citizen,citizen,communication,clarinet,doc,birthday,internal,encryption,chip,dissonant,chip,proposal,encryption,increasingly,secret,illegal,lab,charge,discussion,agent,overseas,seed,expire,quo,sparingly,new,alt,domicile,cellular,jammer,detector,water,goodwill,regionally,voice,silicon,pin,se,marc,enforcement,sex,distribution,radar,religion,charge,privacy,privacy,merlin,easy,disbeliever,walker,frighteningly,insurance,jail,installation,laurel,food,land,proposal,fast,math,transmutation,moon,fast,temperature,disk,chip,legal,private,reading,photograph,pick,philosopher,proceeding,decision,error,sell,output,meteorology,output,netter,fox,money,stratus,territory,torture,neighbor,international,marijuana,start,bush,bally,occupation,unapproved,attack,holocaust,knife,amendment,chopin,suicide,village
party,unbreakable,blank,split,repository,skipjack,forever,congress,criminal,posting,encrypt,user,validate,ge,watch,hacker,market,chip,happily,mnemonic,poser,clarinet,discuss,lucky,secret,secure,warrant,threat,pernicious,datum,electromagnetic,divorce,algorithm,enforcement,microphone,generate,classified,fed,listen,wright,clipper,neural,diverter,spark,criminal,plant,clock,clerk,white,depository,analogue,hasan,war,criminal,man,mail,speed,fortify,mitre,enforcement,initiative,company,tape,minded,sward,ted,agate,reveal,testimonial,likely,cancer,za,classified,factorization,lulu,imagine,earth,voice,heat,reinstall,contain,license,tax,consent,object,circuit,tue,hash,secretary,block,video,noise,university,connect,sincerely,semiconductor,income,escrow,general,detention,shout,infamous,cigarette,tear,occupy,disturbing,country,surely,debate,ignorant,crime,constitution,excerpt,destroy,kill
war,safety,encryption,console,door,hypothesize,bu,funded,cellular,server,stream,security,extraordinary,user,grain,privacy,implement,brad,somebody,invention,secret,competitor,return,file,big,limit,recipient,intrinsically,fair,ens,crack,betting,break,security,export,block,reverse,walker,conversation,deny,unfamiliar,virtual,listen,sensor,enforcement,weapon,intangible,court,govern,manufacture,trinomial,skipjack,administration,device,male,suite,split,secular,double,infrastructure,chair,sell,albeit,believer,spontaneous,technical,premium,bedfellow,disclosure,reverse,doctor,lucy,quality,compute,gateway,mi,mission,cellular,acid,alias,session,coppy,doctor,scientist,aura,neutral,favorite,cipher,package,overwrite,arcade,radio,professor,pin,ai,revise,taxis,pay,constitution,crossbow,girl,thought,coca,compound,carter,toss,libertarian,unsecure,harm,anti,weapon,sentence,compound,nutty,massacre
host,illegal,accuse,competence,variant,arithmetic,assurance,overtly,instrument,service,chip,scheme,conceal,header,probable,omission,assign,judge,guess,bit,substance,compatible,en,cracking,intelligence,guarantee,rum,regulate,brother,clipper,gode,whomever,random,escrow,paint,unit,cancel,status,wire,jury,seemingly,proline,locker,array,law,uranium,stein,appeal,elect,sepia,instrument,rand,fresh,obtain,partner,card,observer,saint,peanut,conversation,security,friend,pardon,environment,risk,objection,health,nuclear,incriminate,chip,infection,intend,technology,factor,book,speed,satellite,birthright,lead,copy,value,code,rate,bother,corona,cable,stack,function,yesterday,datum,magnify,frequency,warming,voltage,host,reading,breakable,agent,land,raise,door,legalization,heroin,survivor,opinion,jerry,let,proposal,substance,racism,firearm,regulated,watch,sad,soldier
want,privacy,decode,random,security,brute,unsound,federal,threat,site,number,access,encryption,useless,need,care,originally,conversation,socialist,mike,clipper,company,ka,previously,complexity,adversary,opponent,surveillance,market,symmetric,weakness,commentator,door,algorithm,perry,key,confident,restriction,priority,desire,sore,daemon,fed,phase,tap,steam,nice,supreme,alt,backdoor,cern,protocol,advocate,drug,homosexuality,yuan,mode,ludicrous,confess,communication,infrastructure,spy,nightmare,read,offer,dollar,pro,senator,salient,intellectual,treatment,viability,convert,log,send,biological,shuttle,stop,dirt,backup,enforcement,detector,hospital,manager,scorch,ground,iris,cryptanalysis,ai,medium,interface,light,baker,printer,book,sig,trust,clipper,discrimination,interrogation,come,customer,smuggle,burn,york,riot,river,regime,reply,self,accident,right,affair,evasion,civilian
law,saying,unauthorized,partial,instant,steven,steal,fund,proscription,network,unit,audit,feasible,serial,average,attitude,private,impossible,sudden,decipher,untrustworthy,buck,cryptanalysis,faith,thousand,jerk,holder,wholly,stollen,gap,terminal,unclear,cipher,door,binocular,link,censorship,tap,reason,verdict,dan,landlord,password,defeat,serial,bomb,land,specifically,act,security,mi,assume,joke,anti,promiscuous,ask,calibrate,maple,immunity,device,conversation,coast,easily,photography,cipher,cripple,kent,likely,trace,engineer,cause,effective,simple,easy,introductory,block,solar,sabotage,floor,monitor,unit,domain,vat,news,rit,emission,cardiac,submission,talk,collision,reputedly,input,campus,try,dear,replay,sheep,government,forfeiture,prisoner,mamma,police,cola,knock,employer,pen,water,camel,real,freedom,rate,infringe,news,atheist,tartar
world,outright,technique,randomly,mnemonic,million,connect,assurance,inscrutable,anon,spoof,key,inquisitor,twiddle,assume,accuracy,confusable,key,country,lifetime,omission,strategy,scheme,idle,key,rich,imagine,privacy,grandchild,league,truck,unsecure,session,manufacturer,capitalism,encrypt,copyright,scanner,evidence,loser,fide,consensus,warrant,scheme,court,reactor,negotiation,approve,peter,rab,zenith,domestic,statement,group,heterosexual,interesting,reading,activity,crime,industry,industry,gen,segment,newspaper,commercially,spy,compel,implementation,disclose,weakness,health,equally,market,crypt,interested,consumption,planet,price,store,display,block,illegal,care,nominate,sol,monitor,audit,public,work,output,apple,speech,melodramatic,measurement,thank,allan,afford,council,preamble,court,bus,imi,alcohol,explosion,replace,forth,west,tent,pocket,qualification,safety,second,knock,sicken,mountain
