0,1,2,3,4,5,6,7,8,9,10,11,12,13,14,15
type,ly,type,type,type,get,flow,flow,flow,flow,get,boost,flow,flow,type,boost
boost,get,flow,boost,flow,ly,direction,type,type,direction,d,type,direction,type,boost,type
get,qp,get,value,boost,type,ptr,name,direction,type,i,value,type,direction,value,value
value,type,name,get,get,qp,uint,direction,name,ptr,type,pp,ptr,name,get,pp
size,vl,ptr,d,name,vl,name,ptr,boost,uint,ly,ly,uint,boost,size,get
result,wd,value,pp,ptr,wd,type,get,ptr,name,qp,get,name,ptr,pp,result
pp,d,op,i,direction,value,get,uint,get,get,value,result,get,get,result,size
string,value,uint,result,uint,set,count,d,uint,count,vl,detail,count,uint,std,detail
d,i,size,string,pp,ul,summary,i,pp,summary,wd,size,summary,pp,string,std
set,err,direction,set,value,d,vtbl,ly,value,vtbl,size,qp,pp,value,op,string
