0,1,2,3,4,5,6,7,8,9,10,11,12,13,14,15,16,17,18,19,20,21,22,23,24,25,26,27,28,29,30,31,32,33,34,35,36,37,38,39,40,41,42,43,44,45,46,47,48,49,50,51,52,53,54,55,56,57,58,59,60,61,62,63,64,65,66,67,68,69,70,71,72,73,74,75,76,77,78,79,80,81,82,83,84,85
bank,mar,money,canada,sale,net,sale,corp,sale,net,corp,net,seven,net,net,barrel,crude,japan,cut,billion,rubber,coffee,cocoa,crop,sugar,sugar,york,loss,profit,billion,loss,dividend,strike,brazil,split,baker,prime,rise,note,profit,div,june,div,div,quarterly,quarterly,div,div,exclude,div,div,quarterly,oil,life,gold,gas,include,german,profit,include,loss,exclude,gulf,japan,german,dividend,split,earning,supermarket,tender,trade,certificate,quarter,piedmont,cut,fall,rise,rise,motor,twa,merger,offer,stake,undisclosed,acquire,complete
rate,park,assistance,dome,net,year,net,net,net,roto,general,corp,net,ust,corp,raise,raise,yen,rate,franc,pact,quota,buffer,weather,white,intervention,new,net,loss,deposit,gas,stock,port,loan,adjust,unchanged,raise,industrial,split,loss,prior,div,prior,pay,div,div,prior,record,note,regular,march,div,barrel,express,ounce,oil,gain,gold,loss,gain,profit,gain,missile,trade,west,declare,dividend,expect,dart,offer,house,agriculture,revenue,twa,deficit,rise,billion,money,cascade,offer,approve,right,investment,safeguard,buy,acquisition
sale,net,shortage,trade,diluted,renaissance,diluted,rev,mercantile,yr,electric,research,wone,constellation,nil,crude,posting,rise,prime,profit,new,producer,delegate,rain,trader,rebate,stake,noel,nil,net,property,split,union,payment,note,stability,effective,official,adjust,carbide,record,prior,record,record,prior,pay,record,pay,gain,record,pay,prior,crude,japan,ton,field,note,rise,net,note,include,note,attack,semiconductor,baker,record,stock,quarter,food,midnight,legislation,grain,earning,stake,tariff,unemployment,revise,fed,spirit,board,shareholder,common,common,ge,tender,acquire
corp,zone,market,bank,dilute,pembina,year,odeon,crain,lighting,whirlpool,intelligent,sept,systematics,computer,posting,today,unemployment,effective,debit,buffer,brazil,rule,beet,cargo,producer,buy,corp,tote,asset,include,note,seaman,debt,stock,leave,rate,underlie,august,net,pay,record,pay,prior,pay,record,pay,prior,pension,march,record,march,pipeline,insurance,foot,petroleum,net,west,note,tax,note,loss,ship,tariff,stability,payable,shareholder,growth,restaurant,expire,subcommittee,farm,xebec,helm,economic,index,seasonally,week,sell,shareholder,lane,shareholder,firm,computer,group,corp
quarter,faulty,band,shell,corp,oe,vanguard,year,potlatch,dunk,mead,data,poco,sunshine,rent,sulphur,effective,plus,bank,turnover,conference,export,stock,cotton,tender,commission,group,sunshine,net,loan,profit,public,worker,bolivia,reflect,treasury,immediately,spend,june,corp,set,pay,set,march,record,prior,dividend,regular,net,prior,prior,set,price,brokerage,ore,shell,restate,mark,seven,loss,gain,operation,shipping,chip,currency,initial,common,increase,general,extend,committee,agricultural,report,moody,trade,figure,inflation,supply,steel,reject,seton,tender,filing,unit,bid,unit
stock,favorite,fed,rise,gem,charming,suspension,basic,servo,analogic,cinema,toot,aspen,jannock,electro,grade,yesterday,early,base,tax,session,bag,council,wind,rebate,trader,investment,nil,yr,diluted,note,declare,employer,accrual,sale,intervention,trust,personal,stock,vascular,quarterly,dividend,quarterly,quarterly,set,set,payable,dividend,termination,pay,dividend,pay,energy,fund,grade,block,utilization,turnover,include,credit,tax,respectively,naval,official,accord,quarterly,payable,high,pizza,yesterday,pass,program,expect,reduce,budget,low,compare,fund,distiller,merger,baxter,company,raise,privately,offer,financial
new,favorably,bank,billion,sexton,tempo,note,wallpaper,electromagnetic,dorn,walter,baton,place,nature,mail,post,diamond,sector,midland,crown,natural,delegate,consumer,drought,shipment,operator,firm,cook,corp,sale,oil,div,redundancy,income,restate,foster,broker,manufacture,prior,radix,regular,set,seven,set,vote,power,regular,set,wing,set,correct,record,production,firm,assay,foot,loan,grinding,nil,profit,credit,net,silkworm,sanction,rate,holder,board,rise,store,share,retaliation,department,ich,group,policy,month,adjust,billion,pope,tender,receive,share,total,cellular,diagnostic,buy
end,favorable,reserve,air,ply,vanguard,backlog,pyro,whirlpool,napa,mart,duro,swift,horizon,mart,effective,shamrock,money,immediately,note,price,registration,producer,rainfall,denature,tender,security,year,end,primary,operation,record,ship,morgan,net,rate,bank,average,net,regency,class,regular,oar,ben,webster,soup,light,corp,operation,dividend,declare,cam,output,capital,mining,energy,asset,increase,sale,net,net,extraordinary,military,united,finance,march,record,result,acquire,validly,administration,commodity,fiscal,sell,round,adjust,department,retail,caterpillar,court,merge,group,commission,walker,acquisition,disclose
note,favor,forecast,fall,seam,foremost,end,sidy,translation,rooter,net,development,rite,golden,national,intermediate,post,surplus,national,extraordinary,agreement,talk,differential,nil,maximum,protest,exchange,mining,undergarment,corp,write,payable,miner,medium,dress,stabilize,national,earning,reflect,operating,march,quarterly,dividend,dividend,pneumatic,togs,hike,river,result,payable,realty,regular,petroleum,security,reserve,natural,tax,grow,gain,charge,respectively,discontinue,strait,impose,minister,set,declare,profit,bakery,condition,way,reform,fourth,debt,surplus,seasonally,personal,stand,gen,bid,acquisition,acquisition,buy,fortune,twa,subsidiary
sell,fault,today,royal,burr,kay,rivet,gas,fuller,morse,midland,sept,computer,transportation,harper,west,murphy,economist,abbey,div,consumer,consumer,member,area,intervention,export,commission,publication,rocky,dilute,petroleum,shareholder,rio,non,barn,currency,today,speaker,dividend,nil,dividend,payable,regular,franklin,dorn,spec,national,milner,tax,previously,set,analysis,refinery,analyst,coin,exploration,billion,order,rev,prefer,quarter,tax,pentagon,market,dollar,stock,vote,revenue,shaw,outstanding,stockpile,guarantee,peerless,offering,growth,compare,increase,index,sale,terminate,universal,hold,outstanding,lone,agree,term
